X_o	y_o	X_i	y_i
2.833213344056216	3.2733640101522705	1.8531680973566984	7.798112628829788
1.2149127443642704	3.580737295494233	1.9782390361706734	4.736198448394496
2.4336133554004498	4.084294226368599	0.7178397931503168	6.322565239927284
2.617395832834079	4.290459441148391	0.19885085874516517	6.45833828334479
1.5390154481375546	3.517497837358316	3.254242968705492	5.755742213586912
2.617395832834079	2.9338568698359038	0.5423242908253617	5.198497031265826
2.70805020110221	3.8044377947482086	2.005525858729668	5.3612921657094255
1.8625285401162623	3.858622228701031	0.5306282510621704	4.9344739331306915
3.374168709274236	4.6443908991413725	3.1822118404966093	5.153291594497779
2.681021528714291	3.0492730404820207	0.0	5.7745515455444085
3.0155349008501706	2.797281334830153	2.1412419425852827	7.6004023345004
3.462606009790799	4.308110951723713	0.0	5.963579343618446
2.884800712846709	4.443827035579329	1.8082887711792655	4.804021044733257
2.681021528714291	3.6054978451748854	0.0	6.2324480165505225
2.2752138961979136	3.374168709274236	2.203869120054888	5.424950017481403
4.028916756899646	3.912023005428146	2.2213750375685026	4.596129441335942
3.6888794541139363	3.265759410767051	0.0	5.1647859739235145
2.803360380906535	3.6788291182604347	0.0	7.294377299288821
3.1822118404966093	3.417726683613366	2.7013612129514133	5.318119993844216
2.653241964607215	3.893859034800475	0.0	7.060476365999801
2.4849066497880004	3.6506582412937387	1.547562508716013	5.081404364984463
2.624668592163159	3.4531571205928664	2.8213788864092133	5.6131281063880705
0.0	3.713572066704308	0.13976194237515863	5.5134287461649825
3.580737295494233	4.254193263163997	0.5933268452777344	5.918893854273146
3.580737295494233	4.254193263163997	2.70805020110221	6.952728644624869
2.6100697927420065	3.068052935133617	2.4765384001174837	5.655991810819852
2.3513752571634776	3.6686767467964168	0.0	5.056245805348308
3.122364924487357	4.2456340097683265	2.3608540011180215	6.133398042996649
2.580216829592325	3.5524868292083815	1.4036429994545037	5.638354669333745
3.3357695763397	3.7062280924485496	3.039749158970765	6.431331081933479
2.970414465569701	3.822098297900159	0.8628899551470398	5.594711379601839
3.5263605246161616	3.7773481021015445	0.0	5.720311776607412
3.292126286607793	4.380775852772229	1.358409157630355	4.663439094112067
3.6506582412937387	4.037774210733707	0.494696241836107	3.903990833730882
3.131136910560194	4.074141854904581	3.353406717825807	4.560172820057356
3.1135153092103742	3.9852734671677386	0.0	5.883322388488279
2.6878474937846906	4.065602093356446	3.7864597824528	5.198497031265826
0.9001613499442714	5.075173815233827	1.6992786164338898	5.278114659230517
3.6428355156125294	3.8133070324889884	1.2499017362143359	4.084294226368599
2.5416019934645457	4.001863709427935	2.4765384001174837	4.736198448394496
1.556037135706985	4.443827035579329	0.0	5.017279836814924
2.7013612129514133	4.6913478822291435	1.4838746894587547	6.07073772800249
1.601405740736836	3.246490991901174	0.9001613499442714	6.70073110954781
2.72785282839839	3.9219733362813143	1.0612565021243408	5.153291594497779
1.4929040961781488	4.237000862623624	0.9820784724121582	5.6131281063880705
3.1570004211501135	4.136765278106052	2.501435951739211	4.804021044733257
3.462606009790799	4.21803603456465	0.8628899551470398	7.051855622955894
3.0587070727153796	4.31748811353631	3.893859034800475	5.0369526024136295
2.5257286443082556	3.929862923556477	0.1570037488096647	5.476463551931511
2.9496883350525844	4.380775852772229	0.5007752879124892	5.872117789475416
2.167910189667444	4.136765278106052	2.4595888418037104	6.2324480165505225
1.5390154481375546	3.929862923556477	0.9360933591703348	7.0967213784947605
3.0155349008501706	4.31748811353631	0.34358970439007686	6.511745329644728
2.8449093838194073	4.084294226368599	1.5644405465033646	4.136765278106052
3.039749158970765	5.198497031265826	0.9820784724121582	4.820281565605037
4.4520190064939165	4.2456340097683265	1.1969481893889715	6.646390514847729
3.8044377947482086	4.048300623720694	1.8702625307159986	4.605170185988092
1.8794650496471605	4.416428061391214	1.1052568313867783	5.998936561946683
1.9154509415706047	3.56953269648137	3.005682604407159	5.54907608489522
3.0301337002713233	4.389498649512583	3.517497837358316	7.1592919047975645
1.6992786164338898	4.727387818712341	0.0	4.948759890378168
3.1822118404966093	2.186051276738094	1.3137236682850553	4.019980146933238
3.624340932976365	3.5610460826040513	1.430311246536665	5.1647859739235145
3.246490991901174	3.1822118404966093	2.33214389523559	7.114769448366463
3.1135153092103742	5.099866427824199	2.4159137783010487	5.5053315359323625
1.1151415906193203	4.056988775678332	1.1505720275988207	2.5416019934645457
1.4929040961781488	4.506454213048934	0.0	5.746203190540153
0.62057648772511	3.6506582412937387	1.6467336971777973	4.209160236650682
0.9162907318741551	3.9396381724611196	2.468099531471619	6.206575926724928
2.4595888418037104	3.292126286607793	2.9601050959108397	5.908082938168931
3.254242968705492	4.028916756899646	1.7900914121273581	5.318119993844216
2.302585092994046	4.254193263163997	1.1249295969854831	4.919980925828125
2.791165107812717	4.074141854904581	0.4574248470388755	5.720311776607412
2.4849066497880004	4.237000862623624	1.4929040961781488	5.332718793265369
2.975529566236472	4.2456340097683265	0.0	5.3706380281276624
0.5128236264286637	4.653960350157523	3.5263605246161616	5.811140992976701
1.8702625307159986	4.128745988939433	2.186051276738094	4.787491742782046
2.9231615807191558	4.31748811353631	0.8197798314933114	5.730099782973574
2.4595888418037104	3.0155349008501706	3.0155349008501706	3.742420221041966
3.1135153092103742	3.86702563949741	0.0	3.6788291182604347
2.9338568698359038	4.092676505121403	2.6878474937846906	5.342334251964811
2.3978952727983707	3.8416005411316	3.6506582412937387	5.638354669333745
2.72785282839839	3.949318790171843	2.379546134130174	4.882801922586371
0.0	3.462606009790799	1.4036429994545037	6.07073772800249
0.9895411936137477	4.542230386214217	0.45107561936021673	5.209486152841421
0.8628899551470398	4.1728476237100445	2.2935443483418965	5.730099782973574
0.0	5.030437921392435	2.8154087194227095	4.844187086458591
3.1570004211501135	2.8154087194227095	3.139832617527748	7.150701457592526
2.0412203288596382	4.272490747605575	3.462606009790799	5.225746673713202
2.050270164379556	3.56953269648137	0.0	4.653960350157523
0.9282193027394288	4.42484663185681	2.5726122302071057	5.783825182329737
2.25758772706331	3.462606009790799	2.4423470353692043	4.2456340097683265
0.9969486348916096	3.380994674344636	1.358409157630355	6.925595197110468
2.379546134130174	5.71042701737487	1.332366019094335	4.335982696172475
1.0715836162801904	3.696351468952637	3.1570004211501135	4.084294226368599
2.995732273553991	3.374168709274236	1.366091653802371	5.8377304471659395
1.6992786164338898	3.8308129500026027	1.2947271675944	5.6937321388027
1.2781522025001875	3.9569963710708773	1.9974177062012453	6.376726947898627
2.322387720290225	3.885679030088544	3.7954891891721947	6.673297967767654
2.4932054526026954	4.4520190064939165	0.1570037488096647	5.459585514144159
2.7536607123542622	4.3267781604434035	4.048300623720694	5.135798437050262
2.791165107812717	4.065602093356446	3.481240089335692	6.467698726104354
1.8794650496471605	4.074141854904581	0.0	5.648974238161206
2.8791984572980396	4.718498871295094	0.30010459245033816	6.45833828334479
2.6602595372658615	4.200204952921578	0.0	5.459585514144159
2.7788192719904172	3.6788291182604347	0.712949807856125	5.41610040220442
3.0587070727153796	3.597312260588446	0.4762341789963717	5.945420608606575
3.6506582412937387	3.6428355156125294	0.5007752879124892	7.914983005848394
1.0331844833456545	3.7328963395307104	2.624668592163159	6.8001700683022
1.449269160281279	4.128745988939433	0.7466879474879751	5.262690188904886
3.0155349008501706	5.117993812416755	2.7343675094195836	3.758871825933971
0.7929925155296614	4.019980146933238	2.3702437414678603	7.294377299288821
2.203869120054888	4.4343818650078095	0.7466879474879751	4.577798989191959
3.039749158970765	4.100989104940769	0.009950330853168092	4.4520190064939165
2.772588722239781	4.048300623720694	2.5572273113676265	4.523960130562548
2.4069451083182885	4.335982696172475	1.4036429994545037	7.051855622955894
3.929862923556477	4.56954300834494	1.3137236682850553	5.147494476813453
1.6094379124341003	3.6506582412937387	1.2669476034873244	4.962844630259907
2.4849066497880004	4.191168746857641	2.517696472610991	5.318119993844216
2.7013612129514133	4.718498871295094	2.501435951739211	5.117993812416755
1.7263316639055997	3.8501476017100584	0.16551443847757333	6.421622267806518
3.202746442938317	4.470495282661489	2.231089091288976	5.407171771460119
2.1587147225743437	4.056988775678332	2.501435951739211	4.280824129164719
1.9782390361706734	4.523960130562548	1.4398351280479205	5.703782474656201
1.4206957878372228	4.533674184283021	3.4372078191851885	3.4436180975461075
0.6043159668533296	4.672828834461906	2.7536607123542622	4.596129441335942
1.2584609896100056	4.389498649512583	0.636576829071551	3.6686767467964168
1.8794650496471605	3.8044377947482086	0.7466879474879751	6.81783057145415
0.6312717768418578	3.3105430133940246	3.634951112088381	4.6913478822291435
3.0155349008501706	3.4531571205928664	2.4336133554004498	4.461299815568389
3.5524868292083815	3.9569963710708773	1.2325602611778486	3.580737295494233
1.3402504226184837	4.272490747605575	2.8791984572980396	6.18826412308259
1.3029127521808397	3.7954891891721947	0.5481214085096876	6.169610732491456
2.6100697927420065	4.308110951723713	2.2396452932201716	7.906178840394815
3.417726683613366	3.7864597824528	0.01980262729617973	4.361823927356363
2.533696813957432	3.758871825933971	2.5572273113676265	5.991464547107982
1.3029127521808397	4.370712874773608	3.202746442938317	6.251903883165888
4.2456340097683265	4.48863636973214	0.9082585601768908	5.41610040220442
2.6100697927420065	4.146304301152812	0.06765864847381486	5.262690188904886
3.2108436531709366	3.32862668882732	1.2584609896100056	5.3706380281276624
2.5649493574615367	4.2456340097683265	0.9082585601768908	3.912023005428146
3.095577608523707	3.3638415951183864	1.1346227261911428	3.8416005411316
1.3762440252663892	4.624972813284271	0.0	7.258412150595307
1.007957920399979	4.084294226368599	0.8628899551470398	3.7062280924485496
3.391147045808654	4.497584975308154	0.8458682675776092	3.3178157727231046
1.449269160281279	5.298317366548036	0.9707789171582248	7.618251097876695
3.7864597824528	4.128745988939433	1.7263316639055997	6.115892125483034
2.8154087194227095	3.8308129500026027	3.139832617527748	5.8998973535824915
3.2733640101522705	5.003946305945459	3.6506582412937387	3.7328963395307104
2.501435951739211	2.186051276738094	2.9856819377004897	5.262690188904886
2.884800712846709	4.6913478822291435	3.822098297900159	6.970730078143525
0.0	4.272490747605575	2.1041341542702074	5.3612921657094255
2.9231615807191558	4.22683374526818	2.4159137783010487	5.262690188904886
3.0155349008501706	4.380775852772229	0.17395330712343798	5.3612921657094255
3.173878458937465	4.443827035579329	2.231089091288976	5.8289456176102075
0.7654678421395714	5.278114659230517	0.7929925155296614	7.033506484287697
3.1484533605716547	3.6506582412937387	3.139832617527748	4.882801922586371
3.2188758248682006	4.165113633110308	2.0592388343623163	4.663439094112067
2.631888840136646	4.577798989191959	2.2844211223663744	4.056988775678332
3.6888794541139363	4.370712874773608	0.5481214085096876	6.862757913051401
2.7343675094195836	4.663439094112067	0.16551443847757333	6.395261598115449
1.8164520818184267	4.335982696172475	1.547562508716013	5.442417710521793
2.4423470353692043	4.68213122712422	3.8308129500026027	6.548219102762372
1.2325602611778486	3.975936331171799	1.410986973710262	6.907755278982137
2.7013612129514133	3.32862668882732	0.03922071315328133	5.236441962829949
0.8796267475025636	4.2456340097683265	1.2237754316221157	4.028916756899646
1.0986122886681098	1.9782390361706734	1.673351238177753	5.099866427824199
0.6312717768418578	3.893859034800475	0.0	6.9167150203536085
1.9430489167742813	3.751854253275325	0.494696241836107	6.133398042996649
2.5257286443082556	2.803360380906535	0.0	5.6937321388027
1.6370530794670737	4.61512051684126	0.0	5.099866427824199
2.2213750375685026	4.092676505121403	3.0155349008501706	6.47543271670409
2.617395832834079	4.624972813284271	0.0	4.867534450455582
2.131796772013764	4.955827057601261	1.0260415958332743	5.278114659230517
2.4069451083182885	4.119037174812473	1.1346227261911428	5.442417710521793
0.4885800148186709	4.001863709427935	1.2781522025001875	3.173878458937465
2.9069010598473755	3.9219733362813143	0.3576744442718159	4.867534450455582
3.490428515390098	3.5263605246161616	0.3220834991691132	4.804021044733257
0.47000362924573563	3.885679030088544	0.35065687161316933	5.53338948872752
1.5748464676644813	4.254193263163997	0.16551443847757333	5.755742213586912
1.1249295969854831	3.822098297900159	3.903990833730882	3.3178157727231046
2.8791984572980396	4.361823927356363	1.4562867329399256	7.024649030453636
2.2844211223663744	2.8678989020441064	0.0	5.117993812416755
0.7275486072772777	3.380994674344636	0.0	5.030437921392435
3.0204248861443626	4.155753190350744	0.0	5.37989735354046
2.975529566236472	5.424950017481403	1.0986122886681098	5.484796933490655
2.533696813957432	4.165113633110308	1.0508216248317612	6.07073772800249
2.9391619220655967	4.056988775678332	0.4054651081081644	7.150701457592526
3.3357695763397	4.31748811353631	1.430311246536665	4.4520190064939165
1.3480731482996928	3.885679030088544	0.5596157879354227	3.4011973816621555
0.35065687161316933	4.110873864173311	2.91235066461494	5.424950017481403
1.8164520818184267	4.56954300834494	1.601405740736836	4.165113633110308
2.797281334830153	4.001863709427935	0.494696241836107	6.836259277277067
2.9069010598473755	4.770684624465665	2.797281334830153	6.144185634125646
2.8507065015037334	4.56954300834494	0.9360933591703348	6.9440872082295275
3.0492730404820207	4.48863636973214	1.2781522025001875	4.4520190064939165
4.48863636973214	3.2308043957334744	1.1151415906193203	6.152732694704104
1.205970806988609	4.56954300834494	1.3937663759585917	6.511745329644728
2.25758772706331	4.136765278106052	3.3463891451671604	4.416428061391214
2.9601050959108397	2.9069010598473755	1.2947271675944	4.4343818650078095
1.7715567619105355	4.182050142641207	2.8678989020441064	5.703782474656201
1.8531680973566984	4.443827035579329	0.7654678421395714	5.0369526024136295
1.6900958154515549	4.380775852772229	0.4252677354043441	6.736966958001855
3.131136910560194	3.742420221041966	0.0	5.730099782973574
3.0204248861443626	4.110873864173311	2.468099531471619	4.976733742420574
2.8507065015037334	2.8622008809294686	0.0	5.198497031265826
3.039749158970765	3.597312260588446	1.9242486522741338	7.492203042618741
1.6467336971777973	2.681021528714291	1.2149127443642704	4.200204952921578
2.833213344056216	2.8507065015037334	2.4765384001174837	5.484796933490655
3.254242968705492	4.146304301152812	0.9820784724121582	7.132497551660044
3.3638415951183864	3.5610460826040513	2.653241964607215	4.875197323201151
2.760009940032921	4.048300623720694	0.4054651081081644	3.966511190712216
2.6100697927420065	3.1945831322991562	3.077312260546414	7.330405211844402
2.6602595372658615	4.2456340097683265	0.5653138090500605	6.81783057145415
2.3608540011180215	4.308110951723713	0.4762341789963717	4.128745988939433
2.8449093838194073	4.61512051684126	1.3862943611198906	5.6131281063880705
0.0	3.7232808808312687	2.0241930674493576	3.6609942506244004
3.246490991901174	4.406719247264253	0.494696241836107	4.065602093356446
2.9338568698359038	4.461299815568389	0.43178241642553783	5.075173815233827
3.0204248861443626	2.6461747973841225	0.23901690047049992	5.424950017481403
3.2386784521643803	4.497584975308154	0.0	4.146304301152812
1.3402504226184837	4.577798989191959	1.1151415906193203	5.056245805348308
2.631888840136646	3.292126286607793	0.0	3.481240089335692
0.5766133643039938	4.48863636973214	3.427514689979529	5.342334251964811
3.1945831322991562	4.191168746857641	2.2935443483418965	6.304448802421981
1.8702625307159986	4.859812404361672	1.1052568313867783	5.062595033026967
3.086486636822455	3.6686767467964168	2.1041341542702074	5.442417710521793
1.7544036826842861	3.2188758248682006	1.0986122886681098	4.927253685157205
3.1484533605716547	3.822098297900159	0.8712933659434193	7.132497551660044
0.0	4.128745988939433	0.03922071315328133	6.836259277277067
3.173878458937465	4.2626798770413155	2.379546134130174	4.867534450455582
2.8622008809294686	3.912023005428146	0.4054651081081644	4.634728988229636
2.312535423847214	4.624972813284271	0.0	4.361823927356363
1.2499017362143359	4.146304301152812	2.714694743820879	5.442417710521793
0.0	5.4510384535657	0.0	6.448889394146858
2.468099531471619	3.6609942506244004	0.412109650826833	5.351858133476067
3.131136910560194	4.58700621536042	0.5933268452777344	7.114769448366463
2.3702437414678603	3.6609942506244004	1.556037135706985	4.48863636973214
2.379546134130174	4.470495282661489	3.380994674344636	5.272999558563747
2.6878474937846906	4.3267781604434035	2.3608540011180215	4.01096295328305
2.995732273553991	4.380775852772229	1.2781522025001875	7.042286171939743
2.4159137783010487	3.966511190712216	0.45107561936021673	5.225746673713202
2.2752138961979136	4.155753190350744	0.1823215567939546	6.961296045910167
1.5107219394949427	4.672828834461906	0.0	6.180016653652572
2.91235066461494	4.084294226368599	0.131028262406404	3.966511190712216
2.0412203288596382	4.663439094112067	0.1823215567939546	4.560172820057356
3.2108436531709366	4.2626798770413155	0.0	5.351858133476067
2.509599262378372	3.068052935133617	1.2864740258376797	5.71042701737487
2.9496883350525844	5.003946305945459	0.0	7.150701457592526
1.6094379124341003	3.254242968705492	0.4054651081081644	6.278521424165844
2.617395832834079	4.165113633110308	0.4574248470388755	6.844815479208263
1.4206957878372228	3.5890591188317256	1.601405740736836	4.21803603456465
2.884800712846709	3.949318790171843	3.6788291182604347	5.181783550292085
2.0955609235597192	3.077312260546414	1.3480731482996928	7.312553498102598
2.580216829592325	4.542230386214217	0.8712933659434193	5.41610040220442
3.2308043957334744	4.037774210733707	1.2947271675944	5.730099782973574
3.2108436531709366	4.191168746857641	0.0	5.1647859739235145
3.2308043957334744	3.3178157727231046	1.2864740258376797	5.288267030694535
3.246490991901174	3.893859034800475	2.803360380906535	4.389498649512583
2.050270164379556	5.056245805348308	0.0	4.182050142641207
2.248128907197987	4.820281565605037	1.3762440252663892	3.8044377947482086
1.4036429994545037	3.634951112088381	2.3702437414678603	5.318119993844216
0.7178397931503168	3.8133070324889884	1.430311246536665	5.407171771460119
2.9391619220655967	5.093750200806762	3.4995332823830174	4.470495282661489
3.202746442938317	4.136765278106052	0.0769610411361284	6.169610732491456
3.427514689979529	3.2733640101522705	1.449269160281279	4.074141854904581
2.970414465569701	3.9569963710708773	2.791165107812717	4.990432586778736
2.72785282839839	4.398146016553765	0.8628899551470398	4.01096295328305
3.265759410767051	4.560172820057356	0.9820784724121582	5.442417710521793
2.1770218700187	4.380775852772229	0.0	5.7745515455444085
2.772588722239781	2.8507065015037334	0.9820784724121582	5.484796933490655
0.6830968447064438	3.9396381724611196	1.7900914121273581	5.181783550292085
3.3105430133940246	3.6506582412937387	1.2781522025001875	5.953243334287785
2.517696472610991	3.966511190712216	0.26236426446749106	5.703782474656201
3.391147045808654	4.515245478460105	0.0	4.844187086458591
0.7466879474879751	3.634951112088381	0.8109302162163288	4.9344739331306915
2.312535423847214	4.01096295328305	1.501852701754163	5.497168225293202
0.0	3.7954891891721947	0.7275486072772777	7.105786129481271
2.833213344056216	4.254193263163997	0.12221763272424911	5.262690188904886
1.358409157630355	3.858622228701031	1.9600947840472698	6.331501849893691
1.3762440252663892	4.155753190350744	0.636576829071551	4.037774210733707
3.0301337002713233	3.1570004211501135	0.19885085874516517	5.056245805348308
2.2396452932201716	1.6544112780768316	2.2126603854660587	6.035481432524756
3.0155349008501706	2.6741486494265287	1.1249295969854831	2.8507065015037334
2.4932054526026954	3.6054978451748854	0.0	7.267525427828172
2.533696813957432	4.577798989191959	1.9154509415706047	4.61512051684126
2.25758772706331	2.791165107812717	3.535145354171894	5.53338948872752
0.0	3.7954891891721947	2.302585092994046	6.07993319509559
1.6900958154515549	4.21803603456465	0.7839015438284094	4.037774210733707
2.149433913499871	4.084294226368599	2.533696813957432	6.251903883165888
2.2935443483418965	3.254242968705492	0.9895411936137477	4.919980925828125
2.9601050959108397	3.6888794541139363	1.2781522025001875	5.676753802268282
2.2935443483418965	4.100989104940769	1.4036429994545037	4.155753190350744
0.43178241642553783	3.9219733362813143	0.17395330712343798	5.883322388488279
2.617395832834079	3.4372078191851885	1.0885619528146082	7.708410667257367
2.9338568698359038	2.4159137783010487	0.6471032420585384	6.602587892189336
2.086913556518537	3.6686767467964168	1.4206957878372228	5.424950017481403
1.951608170169951	4.280824129164719	1.0152306797290584	5.099866427824199
2.6461747973841225	4.128745988939433	2.833213344056216	5.442417710521793
3.462606009790799	2.5416019934645457	1.2412685890696329	3.6888794541139363
2.833213344056216	3.903990833730882	0.9162907318741551	5.288267030694535
2.8507065015037334	4.136765278106052	0.371563556432483	4.948759890378168
0.8544153281560676	2.379546134130174	0.7747271675523681	7.177782416195197
1.0986122886681098	4.308110951723713	0.22314355131420976	5.123963979403259
0.5128236264286637	4.290459441148391	0.0	3.903990833730882
0.47000362924573563	2.388762789235098	0.7654678421395714	5.442417710521793
2.4159137783010487	4.01096295328305	1.7351891177396608	5.187385805840755
2.884800712846709	4.037774210733707	1.2499017362143359	4.663439094112067
2.970414465569701	4.577798989191959	0.0	6.322565239927284
2.8622008809294686	3.8133070324889884	0.06765864847381486	4.550714000192032
2.4069451083182885	3.8133070324889884	0.0	7.690286020676768
0.9516578757114463	5.5134287461649825	0.0769610411361284	5.793013608384144
2.6461747973841225	4.065602093356446	0.0	5.8289456176102075
3.292126286607793	4.718498871295094	1.0715836162801904	4.61512051684126
2.4159137783010487	2.772588722239781	3.077312260546414	5.075173815233827
2.7788192719904172	4.209160236650682	0.8796267475025636	5.998936561946683
1.3217558399823195	3.6686767467964168	1.4206957878372228	5.666426688112432
1.0885619528146082	4.22683374526818	0.009950330853168092	6.2324480165505225
2.8213788864092133	4.092676505121403	1.3029127521808397	6.493753839851686
3.6428355156125294	4.4796069630127455	0.1906203596086497	6.359573868672378
1.682688374173693	2.5726122302071057	1.410986973710262	4.092676505121403
2.6100697927420065	4.596129441335942	0.0	5.53338948872752
3.374168709274236	3.975936331171799	3.139832617527748	5.497168225293202
1.430311246536665	4.919980925828125	0.9162907318741551	6.278521424165844
1.4562867329399256	3.7954891891721947	2.0149030205422647	5.318119993844216
2.5416019934645457	5.541263545158426	0.5766133643039938	5.5053315359323625
1.7173950539391927	4.01096295328305	0.7371640659767196	7.429520842786462
3.597312260588446	4.308110951723713	0.9082585601768908	7.312553498102598
0.8712933659434193	4.762173934797756	1.5282278570085572	4.1728476237100445
3.56953269648137	3.7954891891721947	0.0	5.568344503761097
3.299533727885655	4.470495282661489	0.0	4.461299815568389
2.2935443483418965	3.4719664525503626	1.2325602611778486	6.520621127558696
2.501435951739211	3.616308761279101	2.6602595372658615	7.27655640271871
3.751854253275325	3.929862923556477	0.23901690047049992	6.35088571671474
3.490428515390098	3.380994674344636	0.8919980393051105	6.773080375655535
1.951608170169951	3.877431560658527	2.3978952727983707	6.620073206530356
2.714694743820879	4.1728476237100445	0.0	4.100989104940769
2.72785282839839	3.490428515390098	0.8372475245337022	5.793013608384144
3.929862923556477	3.2733640101522705	0.0	3.758871825933971
2.89591193827178	4.2456340097683265	0.4762341789963717	6.161207321695077
2.7788192719904172	3.822098297900159	0.5822156198526637	5.278114659230517
2.772588722239781	4.875197323201151	0.37843643572024505	4.787491742782046
2.4932054526026954	4.663439094112067	0.6729444732424258	5.424950017481403
1.430311246536665	4.22683374526818	0.7275486072772777	5.8289456176102075
1.430311246536665	4.084294226368599	0.20701416938432612	5.8998973535824915
3.292126286607793	3.8501476017100584	0.4382549309311553	6.016157159698354
3.077312260546414	4.037774210733707	1.5390154481375546	4.01096295328305
1.430311246536665	3.3463891451671604	0.1823215567939546	4.990432586778736
1.1600209167967532	3.5610460826040513	0.9082585601768908	5.043425116919247
2.379546134130174	3.8501476017100584	0.0	5.648974238161206
3.1654750481410856	4.146304301152812	0.8372475245337022	7.7354333524996886
1.0260415958332743	4.136765278106052	1.7351891177396608	5.872117789475416
2.3702437414678603	2.653241964607215	0.8712933659434193	4.672828834461906
2.2669579153508947	3.9852734671677386	0.0	4.9344739331306915
0.09531017980432493	4.22683374526818	0.8458682675776092	4.875197323201151
1.0885619528146082	4.77912349311153	0.11332868530700327	4.398146016553765
2.5877640352277083	3.7328963395307104	1.5107219394949427	5.442417710521793
2.631888840136646	3.8044377947482086	0.7030975114131134	3.903990833730882
2.72785282839839	4.280824129164719	0.1823215567939546	6.259581464064923
3.202746442938317	3.975936331171799	0.0	5.123963979403259
2.248128907197987	3.462606009790799	0.0	6.683360945766275
1.9600947840472698	4.762173934797756	0.0	5.855071922202427
0.8458682675776092	3.8133070324889884	1.0508216248317612	4.577798989191959
3.481240089335692	3.8416005411316	1.5195132049061133	5.37989735354046
2.970414465569701	3.417726683613366	0.8197798314933114	6.484635235635252
1.0260415958332743	3.7328963395307104	0.0	4.272490747605575
1.6639260977181702	4.624972813284271	0.3852624007906449	5.3612921657094255
2.995732273553991	3.4995332823830174	0.9969486348916096	5.521460917862246
0.8544153281560676	3.7864597824528	0.3987761199573678	6.773080375655535
2.1138429683971682	2.72785282839839	1.1346227261911428	5.811140992976701
3.104586678466073	4.4520190064939165	2.533696813957432	5.225746673713202
3.0492730404820207	3.481240089335692	0.0	4.4796069630127455
2.7788192719904172	4.001863709427935	1.6900958154515549	6.6293632534374485
3.1570004211501135	3.6888794541139363	0.7929925155296614	5.075173815233827
3.292126286607793	3.597312260588446	0.9439058989071284	6.1070228877422545
2.509599262378372	3.966511190712216	1.410986973710262	3.7062280924485496
2.4159137783010487	4.398146016553765	2.9069010598473755	3.246490991901174
2.9601050959108397	2.6026896854443837	3.580737295494233	5.5053315359323625
3.292126286607793	2.8622008809294686	0.0	3.742420221041966
1.2325602611778486	3.6428355156125294	0.0	4.653960350157523
0.3074846997479607	4.6443908991413725	0.8458682675776092	6.313548046277095
1.205970806988609	3.616308761279101	0.7839015438284094	6.872128101338986
0.0	3.9569963710708773	0.27763173659827955	5.8998973535824915
3.005682604407159	4.389498649512583	0.43178241642553783	5.407171771460119
0.8197798314933114	5.424950017481403	1.2237754316221157	4.146304301152812
3.32862668882732	3.5085558999826545	1.2237754316221157	7.060476365999801
2.3608540011180215	3.462606009790799	0.371563556432483	4.875197323201151
1.556037135706985	4.300002799195291	0.0	5.497168225293202
2.6602595372658615	4.01096295328305	2.740840023925201	2.533696813957432
2.91235066461494	3.624340932976365	1.1052568313867783	6.484635235635252
2.424802725718295	3.2188758248682006	0.7178397931503168	5.53338948872752
0.9282193027394288	4.254193263163997	0.7030975114131134	4.272490747605575
3.4436180975461075	3.4372078191851885	0.0	7.078341579557671
2.6602595372658615	3.858622228701031	0.9969486348916096	4.736198448394496
3.0587070727153796	4.461299815568389	2.91235066461494	6.269096283706261
2.772588722239781	4.787491742782046	0.25464221837358075	5.71042701737487
2.8622008809294686	3.9396381724611196	2.1587147225743437	3.949318790171843
2.89591193827178	3.3178157727231046	0.6830968447064438	6.07993319509559
2.2935443483418965	3.742420221041966	2.33214389523559	3.8044377947482086
3.202746442938317	3.4719664525503626	0.8372475245337022	4.380775852772229
3.2308043957334744	3.6428355156125294	3.4995332823830174	4.542230386214217
1.3480731482996928	4.019980146933238	0.19885085874516517	5.730099782973574
1.5830939370944985	3.858622228701031	0.9162907318741551	5.424950017481403
3.1945831322991562	3.7062280924485496	0.9969486348916096	4.836281906951478
1.5195132049061133	2.3608540011180215	0.7561219797213337	4.272490747605575
0.9895411936137477	4.523960130562548	0.5306282510621704	3.6788291182604347
1.2412685890696329	3.5085558999826545	2.0592388343623163	6.610696044717759
2.6741486494265287	3.246490991901174	0.0	4.6443908991413725
2.624668592163159	4.146304301152812	0.35065687161316933	6.862757913051401
2.5877640352277083	4.182050142641207	0.26236426446749106	5.43372200355424
2.2844211223663744	3.9396381724611196	1.7457155307266483	6.115892125483034
1.0508216248317612	4.182050142641207	0.371563556432483	5.872117789475416
1.7457155307266483	2.5877640352277083	2.7343675094195836	6.304448802421981
2.5877640352277083	4.736198448394496	0.12221763272424911	5.030437921392435
2.70805020110221	4.948759890378168	0.02955880224154443	5.181783550292085
0.30010459245033816	3.7773481021015445	2.6741486494265287	5.187385805840755
3.8416005411316	1.3402504226184837	0.9001613499442714	6.09807428216624
2.1041341542702074	4.533674184283021	0.0	6.826545223556594
3.391147045808654	3.912023005428146	0.494696241836107	2.631888840136646
2.791165107812717	4.497584975308154	0.06765864847381486	5.71042701737487
2.5416019934645457	2.8449093838194073	0.0	6.980075940561763
2.4069451083182885	3.7773481021015445	0.9516578757114463	5.262690188904886
2.1412419425852827	2.9496883350525844	1.0438040521731147	5.117993812416755
2.760009940032921	5.272999558563747	0.0	5.62040086571715
2.740840023925201	4.4796069630127455	0.0	5.568344503761097
2.6461747973841225	4.523960130562548	1.0331844833456545	5.6131281063880705
2.6100697927420065	3.6788291182604347	1.6467336971777973	5.883322388488279
2.149433913499871	4.533674184283021	0.0	5.945420608606575
1.556037135706985	2.9069010598473755	1.888583653863595	7.177782416195197
2.70805020110221	4.146304301152812	0.0769610411361284	4.343805421853684
2.509599262378372	3.7773481021015445	0.0	5.241747015059643
3.1570004211501135	2.1041341542702074	0.5007752879124892	6.421622267806518
2.33214389523559	3.2846635654062037	0.0	6.035481432524756
2.149433913499871	3.9219733362813143	0.1570037488096647	5.41610040220442
1.2412685890696329	4.4343818650078095	0.9162907318741551	5.198497031265826
1.430311246536665	4.136765278106052	0.26236426446749106	4.146304301152812
2.6461747973841225	4.155753190350744	2.4849066497880004	5.963579343618446
2.1041341542702074	3.768152635008444	0.0	6.124683390894205
3.0204248861443626	4.370712874773608	0.9360933591703348	3.6686767467964168
2.9391619220655967	2.379546134130174	1.3217558399823195	5.342334251964811
2.8154087194227095	4.361823927356363	0.0	6.502790045915623
2.760009940032921	4.506454213048934	0.8796267475025636	3.481240089335692
1.3937663759585917	6.313548046277095	0.0	4.254193263163997
3.822098297900159	3.7062280924485496	3.2846635654062037	5.209486152841421
1.2947271675944	4.100989104940769	0.06765864847381486	6.18826412308259
1.2584609896100056	3.9219733362813143	1.9974177062012453	7.366445148327599
3.139832617527748	4.762173934797756	1.4655675420143985	3.893859034800475
3.077312260546414	4.110873864173311	1.6094379124341003	5.676753802268282
2.4336133554004498	4.523960130562548	0.0	5.730099782973574
2.9391619220655967	2.3978952727983707	0.0	4.709530201312334
1.430311246536665	5.135798437050262	0.6830968447064438	5.820082930352362
2.8213788864092133	3.9926809084456005	1.0152306797290584	4.762173934797756
1.601405740736836	2.89591193827178	0.6931471805599453	5.926926025970411
3.3178157727231046	3.5524868292083815	0.0	5.8998973535824915
2.8449093838194073	5.187385805840755	0.0	5.209486152841421
0.7178397931503168	4.42484663185681	0.22314355131420976	4.443827035579329
1.6992786164338898	4.48863636973214	1.0612565021243408	4.533674184283021
2.7536607123542622	4.074141854904581	1.6992786164338898	5.262690188904886
3.2108436531709366	3.462606009790799	0.8372475245337022	3.131136910560194
2.322387720290225	3.8416005411316	1.6193882432872684	5.971261839790462
1.9154509415706047	3.634951112088381	0.0	6.872128101338986
4.065602093356446	4.290459441148391	0.20701416938432612	6.57507584059962
2.7343675094195836	3.742420221041966	0.0	5.262690188904886
2.4849066497880004	4.470495282661489	0.0	5.945420608606575
2.975529566236472	3.713572066704308	0.45107561936021673	5.5053315359323625
3.4719664525503626	3.929862923556477	0.0	6.035481432524756
1.556037135706985	2.379546134130174	0.0	5.424950017481403
2.6026896854443837	4.3528552573736015	0.8197798314933114	4.919980925828125
2.8678989020441064	4.308110951723713	0.0	6.295266001439646
2.517696472610991	3.7062280924485496	0.6830968447064438	5.123963979403259
2.312535423847214	4.343805421853684	0.0	5.568344503761097
3.0587070727153796	2.6602595372658615	3.5610460826040513	5.4680601411351315
4.542230386214217	3.949318790171843	3.1484533605716547	5.676753802268282
3.3638415951183864	3.5085558999826545	0.0	6.22455842927536
2.995732273553991	4.31748811353631	0.058268908123975824	5.407171771460119
2.1412419425852827	0.4762341789963717	0.3293037471426003	5.135798437050262
1.2237754316221157	3.975936331171799	0.0	5.676753802268282
3.2733640101522705	4.443827035579329	1.2669476034873244	3.858622228701031
2.2752138961979136	3.929862923556477	0.0	4.596129441335942
2.7788192719904172	3.254242968705492	0.11332868530700327	5.170483995038151
2.3608540011180215	4.4520190064939165	1.5748464676644813	6.8001700683022
1.547562508716013	4.550714000192032	1.9154509415706047	5.37989735354046
2.740840023925201	3.6888794541139363	1.366091653802371	5.998936561946683
0.6931471805599453	4.343805421853684	2.6100697927420065	5.056245805348308
0.27763173659827955	3.353406717825807	0.47000362924573563	6.133398042996649
2.4069451083182885	4.523960130562548	0.0769610411361284	6.70073110954781
3.173878458937465	2.681021528714291	1.888583653863595	5.8998973535824915
2.388762789235098	3.9926809084456005	0.0	5.3981627015177525
0.6678293725756554	3.391147045808654	0.8109302162163288	4.74493212836325
2.086913556518537	3.4372078191851885	1.9344157696295783	7.240649694255466
2.970414465569701	4.31748811353631	0.8372475245337022	4.308110951723713
3.246490991901174	3.758871825933971	1.366091653802371	6.295266001439646
3.5263605246161616	4.416428061391214	0.0	5.8998973535824915
1.7083778602890038	6.054439346269371	0.412109650826833	5.030437921392435
2.9391619220655967	3.9926809084456005	3.380994674344636	7.240649694255466
2.91235066461494	4.4796069630127455	0.0	7.348587530927593
2.341805806147327	2.517696472610991	0.5766133643039938	5.0106352940962555
0.16551443847757333	4.990432586778736	0.0	4.2626798770413155
0.47000362924573563	4.074141854904581	1.205970806988609	6.395261598115449
3.0492730404820207	3.877431560658527	0.0	5.147494476813453
1.1346227261911428	4.672828834461906	2.8791984572980396	4.280824129164719
1.2947271675944	4.380775852772229	0.62057648772511	5.497168225293202
3.104586678466073	4.343805421853684	0.0	5.971261839790462
2.6461747973841225	3.9569963710708773	0.9360933591703348	5.308267697401205
3.0492730404820207	4.2456340097683265	1.2947271675944	5.6131281063880705
3.353406717825807	4.4343818650078095	0.0	5.062595033026967
2.617395832834079	4.092676505121403	1.3937663759585917	6.448889394146858
2.91235066461494	3.8501476017100584	0.7561219797213337	5.442417710521793
3.095577608523707	4.308110951723713	0.0	7.00669522683704
2.8678989020441064	2.1138429683971682	1.1969481893889715	5.53338948872752
2.186051276738094	4.191168746857641	0.6729444732424258	5.638354669333745
3.3463891451671604	3.8501476017100584	0.0	5.5134287461649825
1.3402504226184837	3.1570004211501135	0.6830968447064438	4.084294226368599
2.653241964607215	2.509599262378372	0.4382549309311553	1.4929040961781488
3.4372078191851885	2.760009940032921	0.0	3.374168709274236
2.8449093838194073	3.0492730404820207	2.624668592163159	6.07993319509559
1.8261608959453874	2.5416019934645457	1.3029127521808397	5.236441962829949
1.969905654611529	2.70805020110221	0.0	5.8998973535824915
3.122364924487357	4.237000862623624	0.0	4.795790545596741
2.760009940032921	2.2669579153508947	0.8020015854720274	5.703782474656201
3.380994674344636	3.7773481021015445	0.35065687161316933	5.332718793265369
1.205970806988609	3.4719664525503626	1.4206957878372228	5.5053315359323625
2.72785282839839	3.634951112088381	0.0	6.206575926724928
2.4159137783010487	3.877431560658527	0.5481214085096876	7.294377299288821
1.5195132049061133	3.4995332823830174	1.358409157630355	3.858622228701031
3.1654750481410856	3.822098297900159	0.0	6.6293632534374485
3.3463891451671604	3.095577608523707	0.62057648772511	5.241747015059643
3.2188758248682006	3.6888794541139363	0.7929925155296614	6.431331081933479
0.8919980393051105	3.4372078191851885	0.02955880224154443	4.90527477843843
2.7788192719904172	4.577798989191959	0.636576829071551	5.872117789475416
2.3702437414678603	3.462606009790799	0.5933268452777344	5.541263545158426
2.8622008809294686	3.6428355156125294	1.2669476034873244	4.146304301152812
3.751854253275325	3.9396381724611196	0.0	4.948759890378168
2.4849066497880004	4.028916756899646	0.11332868530700327	6.439350371100098
2.760009940032921	4.31748811353631	0.9969486348916096	6.844815479208263
3.5610460826040513	4.019980146933238	0.04879016416943205	6.925595197110468
0.17395330712343798	3.929862923556477	0.7371640659767196	3.1945831322991562
2.9601050959108397	4.42484663185681	0.371563556432483	5.945420608606575
1.8625285401162623	4.21803603456465	0.5481214085096876	5.71042701737487
2.975529566236472	4.048300623720694	1.0885619528146082	3.481240089335692
2.186051276738094	3.5524868292083815	0.371563556432483	4.700480365792417
2.9338568698359038	4.200204952921578	0.0	6.872128101338986
2.9338568698359038	3.6788291182604347	0.5766133643039938	6.016157159698354
2.33214389523559	3.858622228701031	3.543853682063679	7.5822291942764615
3.4719664525503626	3.7062280924485496	1.5107219394949427	7.267525427828172
2.7343675094195836	3.9569963710708773	0.30010459245033816	5.3706380281276624
0.3293037471426003	2.9391619220655967	1.0715836162801904	5.6937321388027
1.1600209167967532	3.713572066704308	2.1587147225743437	5.41610040220442
2.5572273113676265	3.8501476017100584	2.6602595372658615	3.7773481021015445
2.25758772706331	3.4995332823830174	2.6026896854443837	5.262690188904886
1.2947271675944	3.005682604407159	0.0	7.753194269884341
3.3178157727231046	4.31748811353631	0.9439058989071284	6.2878585601617845
1.1410330045520618	3.2188758248682006	0.7466879474879751	5.41610040220442
0.7929925155296614	1.7173950539391927	2.653241964607215	3.254242968705492
1.8082887711792655	3.068052935133617	3.517497837358316	5.981414211254481
3.139832617527748	3.975936331171799	0.0	5.135798437050262
1.5195132049061133	4.092676505121403	0.5423242908253617	4.882801922586371
2.388762789235098	3.9926809084456005	0.0	7.429520842786462
1.205970806988609	4.506454213048934	0.34358970439007686	4.955827057601261
2.3978952727983707	4.290459441148391	1.169381359556317	5.484796933490655
2.6100697927420065	3.6609942506244004	0.10436001532424286	6.259581464064923
2.9601050959108397	3.068052935133617	0.0	4.308110951723713
2.4932054526026954	4.1728476237100445	2.4069451083182885	5.648974238161206
2.760009940032921	3.299533727885655	0.9631743177730056	4.084294226368599
2.33214389523559	4.056988775678332	1.0885619528146082	5.568344503761097
2.4932054526026954	3.6686767467964168	0.5007752879124892	6.045005314036012
2.70805020110221	3.7062280924485496	0.0	4.461299815568389
2.8622008809294686	3.4531571205928664	1.9430489167742813	5.5134287461649825
3.7062280924485496	4.4796069630127455	0.0	5.407171771460119
0.9082585601768908	4.596129441335942	0.0	4.663439094112067
3.380994674344636	4.515245478460105	0.0	4.8283137373023015
1.7817091333745536	3.912023005428146	0.5306282510621704	5.198497031265826
0.7929925155296614	3.8501476017100584	1.501852701754163	6.340359303727752
1.205970806988609	3.9852734671677386	1.3137236682850553	7.798112628829788
2.7788192719904172	3.4719664525503626	0.0	5.8289456176102075
3.122364924487357	4.200204952921578	0.4382549309311553	6.115892125483034
3.095577608523707	3.696351468952637	0.9082585601768908	4.875197323201151
3.292126286607793	2.6602595372658615	0.0	4.6913478822291435
0.9631743177730056	4.048300623720694	0.30010459245033816	1.7544036826842861
0.5653138090500605	1.0885619528146082	1.332366019094335	7.492203042618741
0.4252677354043441	2.5726122302071057	0.0	5.720311776607412
1.7351891177396608	4.560172820057356	1.0438040521731147	6.493753839851686
2.833213344056216	3.597312260588446	1.7715567619105355	7.591357046698551
2.501435951739211	4.515245478460105	0.04879016416943205	4.092676505121403
2.4765384001174837	4.254193263163997	0.6043159668533296	6.727431724850855
3.039749158970765	4.300002799195291	3.0204248861443626	6.548219102762372
2.681021528714291	4.955827057601261	1.3029127521808397	5.135798437050262
3.0301337002713233	3.5263605246161616	2.6602595372658615	4.308110951723713
2.6741486494265287	4.416428061391214	1.9430489167742813	5.53338948872752
1.7984040119467235	3.9852734671677386	0.0	5.278114659230517
2.4159137783010487	4.136765278106052	1.6639260977181702	4.146304301152812
1.7263316639055997	3.751854253275325	2.25758772706331	6.089044875446846
1.430311246536665	3.254242968705492	0.0	3.742420221041966
1.6639260977181702	3.9219733362813143	1.6639260977181702	5.631211781821365
2.4159137783010487	2.1587147225743437	0.8544153281560676	5.820082930352362
2.7536607123542622	3.462606009790799	1.0612565021243408	2.25758772706331
2.884800712846709	3.462606009790799	2.1770218700187	5.683579767338681
2.122261538862764	3.768152635008444	0.7030975114131134	4.762173934797756
0.0	4.028916756899646	0.0	6.565264970035361
0.4382549309311553	3.86702563949741	0.9439058989071284	6.269096283706261
2.653241964607215	2.6602595372658615	2.9231615807191558	4.3267781604434035
1.6272778305624314	3.4531571205928664	1.1249295969854831	3.758871825933971
0.7371640659767196	4.074141854904581	1.7351891177396608	5.53338948872752
2.3978952727983707	3.5263605246161616	0.5822156198526637	5.575949103146316
0.4885800148186709	3.634951112088381	0.23901690047049992	5.8916442118257715
3.265759410767051	3.4531571205928664	0.9082585601768908	5.459585514144159
1.843719208158766	4.624972813284271	0.7371640659767196	3.543853682063679
2.9069010598473755	3.2308043957334744	1.1410330045520618	4.844187086458591
3.299533727885655	2.6878474937846906	0.7747271675523681	5.58724865840025
1.843719208158766	3.7232808808312687	1.1786549963416462	4.136765278106052
2.970414465569701	3.0301337002713233	1.5830939370944985	5.918893854273146
2.149433913499871	2.740840023925201	1.1786549963416462	6.988413181999592
1.1249295969854831	4.028916756899646	1.3137236682850553	7.914983005848394
1.7817091333745536	3.1570004211501135	2.5416019934645457	5.484796933490655
3.005682604407159	4.300002799195291	1.169381359556317	7.123672785204607
3.104586678466073	4.01096295328305	0.7030975114131134	3.768152635008444
3.7773481021015445	3.4719664525503626	2.517696472610991	4.280824129164719
1.007957920399979	4.182050142641207	1.2325602611778486	6.493753839851686
2.8154087194227095	3.353406717825807	0.26236426446749106	5.676753802268282
0.5187937934151675	3.3638415951183864	2.9856819377004897	4.515245478460105
2.970414465569701	3.2386784521643803	0.7466879474879751	4.867534450455582
2.803360380906535	3.616308761279101	4.416428061391214	4.709530201312334
2.0412203288596382	4.380775852772229	1.4929040961781488	3.417726683613366
2.4932054526026954	3.768152635008444	0.0	5.765191102784844
1.3862943611198906	3.5890591188317256	0.5653138090500605	6.359573868672378
1.4036429994545037	4.3528552573736015	0.0	6.1070228877422545
2.5257286443082556	4.48863636973214	2.533696813957432	4.762173934797756
1.2237754316221157	4.736198448394496	0.0	6.421622267806518
1.763017000362401	4.155753190350744	1.358409157630355	5.746203190540153
3.417726683613366	3.616308761279101	1.410986973710262	4.3528552573736015
3.2108436531709366	4.31748811353631	0.0	5.030437921392435
3.246490991901174	4.22683374526818	0.0	5.908082938168931
2.7536607123542622	3.139832617527748	1.9344157696295783	5.855071922202427
1.843719208158766	4.01096295328305	0.0	6.952728644624869
2.3978952727983707	2.533696813957432	0.28517894223366247	5.811140992976701
2.0241930674493576	4.624972813284271	0.30010459245033816	6.826545223556594
2.33214389523559	4.380775852772229	0.0	4.506454213048934
3.4995332823830174	4.42484663185681	0.8544153281560676	6.925595197110468
1.3762440252663892	4.389498649512583	0.9360933591703348	5.3230099791384085
4.663439094112067	4.065602093356446	0.28517894223366247	5.3612921657094255
2.501435951739211	4.110873864173311	0.0	5.10594547390058
2.131796772013764	3.929862923556477	0.0	5.298317366548036
3.4995332823830174	2.72785282839839	1.0508216248317612	6.81783057145415
3.265759410767051	3.893859034800475	0.6830968447064438	4.962844630259907
3.0492730404820207	3.758871825933971	0.17395330712343798	4.955827057601261
2.0592388343623163	4.048300623720694	1.1878434223960523	5.43372200355424
1.1052568313867783	2.6741486494265287	0.0	7.48324441607385
2.4932054526026954	4.497584975308154	0.8372475245337022	4.4520190064939165
0.712949807856125	4.074141854904581	0.6830968447064438	5.424950017481403
3.005682604407159	4.9344739331306915	0.0	5.765191102784844
2.791165107812717	3.597312260588446	3.5890591188317256	6.376726947898627
1.332366019094335	2.9338568698359038	1.0715836162801904	5.407171771460119
3.086486636822455	3.580737295494233	0.2700271372130602	7.132497551660044
0.7030975114131134	3.6054978451748854	0.3074846997479607	5.3981627015177525
2.9231615807191558	4.136765278106052	1.9242486522741338	6.025865973825314
2.9391619220655967	3.966511190712216	1.3762440252663892	5.342334251964811
3.32862668882732	3.949318790171843	1.2412685890696329	6.19644412779452
0.0	2.131796772013764	0.12221763272424911	6.872128101338986
3.2108436531709366	3.616308761279101	2.2126603854660587	5.883322388488279
2.501435951739211	4.237000862623624	0.0	7.537430036586509
2.4849066497880004	3.202746442938317	0.3293037471426003	5.676753802268282
3.374168709274236	3.758871825933971	0.0	5.017279836814924
3.086486636822455	4.4343818650078095	0.0	6.961296045910167
2.791165107812717	3.877431560658527	1.410986973710262	5.521460917862246
0.9282193027394288	3.4372078191851885	1.2237754316221157	4.61512051684126
0.6312717768418578	3.624340932976365	0.0	4.912654885736052
2.975529566236472	3.3178157727231046	0.3852624007906449	3.481240089335692
2.0955609235597192	3.634951112088381	0.0	6.763884908562435
3.139832617527748	5.0106352940962555	0.1906203596086497	5.135798437050262
2.231089091288976	3.9396381724611196	0.0	4.787491742782046
3.417726683613366	3.6506582412937387	2.624668592163159	5.214935757608986
2.89591193827178	4.146304301152812	0.0	3.7864597824528
1.7817091333745536	3.292126286607793	0.7275486072772777	5.3230099791384085
3.0204248861443626	3.292126286607793	0.1570037488096647	4.605170185988092
2.5257286443082556	4.110873864173311	1.0715836162801904	5.062595033026967
3.517497837358316	3.949318790171843	0.6312717768418578	7.564238475170491
3.1484533605716547	3.543853682063679	0.6678293725756554	2.3608540011180215
2.0592388343623163	4.577798989191959	0.5596157879354227	5.602118820879701
2.424802725718295	1.8341801851120072	1.682688374173693	6.133398042996649
3.1484533605716547	2.8622008809294686	1.0260415958332743	1.556037135706985
3.254242968705492	1.007957920399979	0.8712933659434193	4.361823927356363
1.682688374173693	3.877431560658527	0.9082585601768908	5.730099782973574
2.8449093838194073	3.9852734671677386	0.0	5.820082930352362
1.2499017362143359	4.128745988939433	0.7654678421395714	6.045005314036012
2.4423470353692043	4.119037174812473	2.7343675094195836	6.1070228877422545
3.139832617527748	4.136765278106052	0.03922071315328133	3.5085558999826545
0.9895411936137477	4.634728988229636	0.0	4.470495282661489
2.149433913499871	3.7062280924485496	1.2669476034873244	5.099866427824199
2.4159137783010487	4.672828834461906	0.5596157879354227	4.343805421853684
1.449269160281279	4.663439094112067	0.5481214085096876	4.58700621536042
3.2846635654062037	3.713572066704308	2.70805020110221	3.481240089335692
3.481240089335692	2.9391619220655967	0.23111172096338664	6.727431724850855
2.6100697927420065	3.5610460826040513	0.0	4.634728988229636
0.7654678421395714	3.6788291182604347	0.9516578757114463	4.762173934797756
2.970414465569701	2.833213344056216	0.7275486072772777	6.9167150203536085
2.086913556518537	4.523960130562548	1.8164520818184267	6.655440350367647
2.760009940032921	3.2386784521643803	0.2700271372130602	6.016157159698354
2.4069451083182885	4.155753190350744	0.712949807856125	7.0967213784947605
2.884800712846709	3.1135153092103742	0.9820784724121582	5.075173815233827
2.7536607123542622	3.6609942506244004	1.3762440252663892	5.676753802268282
2.714694743820879	3.0204248861443626	0.4252677354043441	5.459585514144159
1.4838746894587547	4.497584975308154	0.0	5.236441962829949
2.9601050959108397	4.6913478822291435	0.6471032420585384	6.80903930604298
3.3463891451671604	4.128745988939433	0.0	3.2386784521643803
3.3105430133940246	3.624340932976365	1.0260415958332743	5.43372200355424
2.5877640352277083	4.165113633110308	0.03922071315328133	5.953243334287785
2.4849066497880004	3.4011973816621555	3.353406717825807	6.727431724850855